--
-- PostgreSQL database dump
--

-- Dumped from database version 17.5
-- Dumped by pg_dump version 17.5

-- Started on 2025-08-04 16:00:07

SET statement_timeout = 0;
SET lock_timeout = 0;
SET idle_in_transaction_session_timeout = 0;
SET transaction_timeout = 0;
SET client_encoding = 'UTF8';
SET standard_conforming_strings = on;
SELECT pg_catalog.set_config('search_path', '', false);
SET check_function_bodies = false;
SET xmloption = content;
SET client_min_messages = warning;
SET row_security = off;

ALTER TABLE IF EXISTS ONLY public.price_data DROP CONSTRAINT IF EXISTS price_data_crypto_id_fkey;
ALTER TABLE IF EXISTS ONLY public.predictions DROP CONSTRAINT IF EXISTS predictions_user_id_fkey;
ALTER TABLE IF EXISTS ONLY public.predictions DROP CONSTRAINT IF EXISTS predictions_crypto_id_fkey;
DROP INDEX IF EXISTS public.ix_users_id;
DROP INDEX IF EXISTS public.ix_users_email;
DROP INDEX IF EXISTS public.ix_price_data_timestamp;
DROP INDEX IF EXISTS public.ix_price_data_id;
DROP INDEX IF EXISTS public.ix_price_data_crypto_id;
DROP INDEX IF EXISTS public.ix_predictions_user_id;
DROP INDEX IF EXISTS public.ix_predictions_target_datetime;
DROP INDEX IF EXISTS public.ix_predictions_model_name;
DROP INDEX IF EXISTS public.ix_predictions_id;
DROP INDEX IF EXISTS public.ix_predictions_crypto_id;
DROP INDEX IF EXISTS public.ix_predictions_created_at;
DROP INDEX IF EXISTS public.ix_cryptocurrencies_symbol;
DROP INDEX IF EXISTS public.ix_cryptocurrencies_id;
DROP INDEX IF EXISTS public.ix_cryptocurrencies_coingecko_id;
DROP INDEX IF EXISTS public.idx_price_crypto_timestamp;
DROP INDEX IF EXISTS public.idx_prediction_user_created;
DROP INDEX IF EXISTS public.idx_prediction_realized;
DROP INDEX IF EXISTS public.idx_prediction_model_performance;
DROP INDEX IF EXISTS public.idx_prediction_model_created;
DROP INDEX IF EXISTS public.idx_prediction_horizon;
DROP INDEX IF EXISTS public.idx_prediction_crypto_target;
DROP INDEX IF EXISTS public.idx_crypto_updated;
DROP INDEX IF EXISTS public.idx_crypto_symbol_active;
DROP INDEX IF EXISTS public.idx_crypto_rank;
ALTER TABLE IF EXISTS ONLY public.users DROP CONSTRAINT IF EXISTS users_pkey;
ALTER TABLE IF EXISTS ONLY public.price_data DROP CONSTRAINT IF EXISTS price_data_pkey;
ALTER TABLE IF EXISTS ONLY public.predictions DROP CONSTRAINT IF EXISTS predictions_pkey;
ALTER TABLE IF EXISTS ONLY public.cryptocurrencies DROP CONSTRAINT IF EXISTS cryptocurrencies_pkey;
ALTER TABLE IF EXISTS public.users ALTER COLUMN id DROP DEFAULT;
ALTER TABLE IF EXISTS public.price_data ALTER COLUMN id DROP DEFAULT;
ALTER TABLE IF EXISTS public.predictions ALTER COLUMN id DROP DEFAULT;
ALTER TABLE IF EXISTS public.cryptocurrencies ALTER COLUMN id DROP DEFAULT;
DROP SEQUENCE IF EXISTS public.users_id_seq;
DROP TABLE IF EXISTS public.users;
DROP SEQUENCE IF EXISTS public.price_data_id_seq;
DROP TABLE IF EXISTS public.price_data;
DROP SEQUENCE IF EXISTS public.predictions_id_seq;
DROP TABLE IF EXISTS public.predictions;
DROP SEQUENCE IF EXISTS public.cryptocurrencies_id_seq;
DROP TABLE IF EXISTS public.cryptocurrencies;
SET default_tablespace = '';

SET default_table_access_method = heap;

--
-- TOC entry 217 (class 1259 OID 16932)
-- Name: cryptocurrencies; Type: TABLE; Schema: public; Owner: -
--

CREATE TABLE public.cryptocurrencies (
    id integer NOT NULL,
    symbol character varying(10) NOT NULL,
    name character varying(100) NOT NULL,
    coingecko_id character varying(50),
    market_cap_rank integer,
    current_price numeric(20,8),
    market_cap numeric(30,2),
    total_volume numeric(30,2),
    circulating_supply numeric(30,2),
    total_supply numeric(30,2),
    max_supply numeric(30,2),
    description text,
    website_url character varying(255),
    blockchain_site character varying(255),
    is_active boolean NOT NULL,
    is_supported boolean NOT NULL,
    created_at timestamp with time zone DEFAULT now() NOT NULL,
    updated_at timestamp with time zone DEFAULT now() NOT NULL,
    last_data_update timestamp with time zone
);


--
-- TOC entry 218 (class 1259 OID 16939)
-- Name: cryptocurrencies_id_seq; Type: SEQUENCE; Schema: public; Owner: -
--

CREATE SEQUENCE public.cryptocurrencies_id_seq
    AS integer
    START WITH 1
    INCREMENT BY 1
    NO MINVALUE
    NO MAXVALUE
    CACHE 1;


--
-- TOC entry 4959 (class 0 OID 0)
-- Dependencies: 218
-- Name: cryptocurrencies_id_seq; Type: SEQUENCE OWNED BY; Schema: public; Owner: -
--

ALTER SEQUENCE public.cryptocurrencies_id_seq OWNED BY public.cryptocurrencies.id;


--
-- TOC entry 219 (class 1259 OID 16940)
-- Name: predictions; Type: TABLE; Schema: public; Owner: -
--

CREATE TABLE public.predictions (
    id integer NOT NULL,
    crypto_id integer NOT NULL,
    user_id integer,
    model_name character varying(50) NOT NULL,
    model_version character varying(20) NOT NULL,
    predicted_price numeric(20,8) NOT NULL,
    confidence_score numeric(5,4) NOT NULL,
    prediction_horizon integer NOT NULL,
    target_datetime timestamp with time zone NOT NULL,
    features_used json,
    model_parameters json,
    input_price numeric(20,8) NOT NULL,
    input_features json,
    actual_price numeric(20,8),
    accuracy_percentage numeric(5,2),
    absolute_error numeric(20,8),
    squared_error numeric(30,8),
    is_realized boolean NOT NULL,
    is_accurate boolean,
    accuracy_threshold numeric(5,2),
    training_data_end timestamp with time zone,
    market_conditions character varying(20),
    volatility_level character varying(10),
    model_training_time numeric(10,2),
    prediction_time numeric(10,6),
    notes text,
    debug_info json,
    created_at timestamp with time zone DEFAULT now() NOT NULL,
    updated_at timestamp with time zone DEFAULT now(),
    evaluated_at timestamp with time zone
);


--
-- TOC entry 220 (class 1259 OID 16947)
-- Name: predictions_id_seq; Type: SEQUENCE; Schema: public; Owner: -
--

CREATE SEQUENCE public.predictions_id_seq
    AS integer
    START WITH 1
    INCREMENT BY 1
    NO MINVALUE
    NO MAXVALUE
    CACHE 1;


--
-- TOC entry 4960 (class 0 OID 0)
-- Dependencies: 220
-- Name: predictions_id_seq; Type: SEQUENCE OWNED BY; Schema: public; Owner: -
--

ALTER SEQUENCE public.predictions_id_seq OWNED BY public.predictions.id;


--
-- TOC entry 221 (class 1259 OID 16948)
-- Name: price_data; Type: TABLE; Schema: public; Owner: -
--

CREATE TABLE public.price_data (
    id integer NOT NULL,
    crypto_id integer NOT NULL,
    "timestamp" timestamp with time zone NOT NULL,
    open_price numeric(20,8) NOT NULL,
    high_price numeric(20,8) NOT NULL,
    low_price numeric(20,8) NOT NULL,
    close_price numeric(20,8) NOT NULL,
    volume numeric(30,8),
    market_cap numeric(30,2),
    created_at timestamp with time zone
);


--
-- TOC entry 222 (class 1259 OID 16951)
-- Name: price_data_id_seq; Type: SEQUENCE; Schema: public; Owner: -
--

CREATE SEQUENCE public.price_data_id_seq
    AS integer
    START WITH 1
    INCREMENT BY 1
    NO MINVALUE
    NO MAXVALUE
    CACHE 1;


--
-- TOC entry 4961 (class 0 OID 0)
-- Dependencies: 222
-- Name: price_data_id_seq; Type: SEQUENCE OWNED BY; Schema: public; Owner: -
--

ALTER SEQUENCE public.price_data_id_seq OWNED BY public.price_data.id;


--
-- TOC entry 223 (class 1259 OID 16952)
-- Name: users; Type: TABLE; Schema: public; Owner: -
--

CREATE TABLE public.users (
    id integer NOT NULL,
    email character varying(255) NOT NULL,
    password_hash character varying(255) NOT NULL,
    first_name character varying(50),
    last_name character varying(50),
    is_active boolean,
    is_verified boolean,
    is_superuser boolean,
    created_at timestamp with time zone DEFAULT now(),
    updated_at timestamp with time zone,
    last_login timestamp with time zone,
    preferences text
);


--
-- TOC entry 224 (class 1259 OID 16958)
-- Name: users_id_seq; Type: SEQUENCE; Schema: public; Owner: -
--

CREATE SEQUENCE public.users_id_seq
    AS integer
    START WITH 1
    INCREMENT BY 1
    NO MINVALUE
    NO MAXVALUE
    CACHE 1;


--
-- TOC entry 4962 (class 0 OID 0)
-- Dependencies: 224
-- Name: users_id_seq; Type: SEQUENCE OWNED BY; Schema: public; Owner: -
--

ALTER SEQUENCE public.users_id_seq OWNED BY public.users.id;


--
-- TOC entry 4757 (class 2604 OID 16959)
-- Name: cryptocurrencies id; Type: DEFAULT; Schema: public; Owner: -
--

ALTER TABLE ONLY public.cryptocurrencies ALTER COLUMN id SET DEFAULT nextval('public.cryptocurrencies_id_seq'::regclass);


--
-- TOC entry 4760 (class 2604 OID 16960)
-- Name: predictions id; Type: DEFAULT; Schema: public; Owner: -
--

ALTER TABLE ONLY public.predictions ALTER COLUMN id SET DEFAULT nextval('public.predictions_id_seq'::regclass);


--
-- TOC entry 4763 (class 2604 OID 16961)
-- Name: price_data id; Type: DEFAULT; Schema: public; Owner: -
--

ALTER TABLE ONLY public.price_data ALTER COLUMN id SET DEFAULT nextval('public.price_data_id_seq'::regclass);


--
-- TOC entry 4764 (class 2604 OID 16962)
-- Name: users id; Type: DEFAULT; Schema: public; Owner: -
--

ALTER TABLE ONLY public.users ALTER COLUMN id SET DEFAULT nextval('public.users_id_seq'::regclass);


--
-- TOC entry 4946 (class 0 OID 16932)
-- Dependencies: 217
-- Data for Name: cryptocurrencies; Type: TABLE DATA; Schema: public; Owner: -
--

COPY public.cryptocurrencies (id, symbol, name, coingecko_id, market_cap_rank, current_price, market_cap, total_volume, circulating_supply, total_supply, max_supply, description, website_url, blockchain_site, is_active, is_supported, created_at, updated_at, last_data_update) FROM stdin;
1	BTC	Bitcoin	bitcoin	\N	\N	\N	\N	\N	\N	\N	\N	\N	\N	t	t	2025-07-30 15:09:38.838315+03:30	2025-07-30 15:09:38.838315+03:30	\N
2	ETH	Ethereum	ethereum	\N	\N	\N	\N	\N	\N	\N	\N	\N	\N	t	t	2025-07-30 15:09:38.838315+03:30	2025-07-30 15:09:38.838315+03:30	\N
3	ADA	Cardano	cardano	\N	\N	\N	\N	\N	\N	\N	\N	\N	\N	f	t	2025-07-30 15:09:38.838315+03:30	2025-07-30 15:09:38.838315+03:30	\N
4	DOT	Polkadot	polkadot	\N	\N	\N	\N	\N	\N	\N	\N	\N	\N	f	t	2025-07-30 15:09:38.838315+03:30	2025-07-30 15:09:38.838315+03:30	\N
5	SOL	Solana	solana	\N	\N	\N	\N	\N	\N	\N	\N	\N	\N	f	t	2025-07-30 15:09:38.838315+03:30	2025-07-30 15:09:38.838315+03:30	\N
\.


--
-- TOC entry 4948 (class 0 OID 16940)
-- Dependencies: 219
-- Data for Name: predictions; Type: TABLE DATA; Schema: public; Owner: -
--

COPY public.predictions (id, crypto_id, user_id, model_name, model_version, predicted_price, confidence_score, prediction_horizon, target_datetime, features_used, model_parameters, input_price, input_features, actual_price, accuracy_percentage, absolute_error, squared_error, is_realized, is_accurate, accuracy_threshold, training_data_end, market_conditions, volatility_level, model_training_time, prediction_time, notes, debug_info, created_at, updated_at, evaluated_at) FROM stdin;
1	1	\N	lstm_training_result	1.0	1.00000000	0.1000	24	2025-08-04 11:41:30.8155+03:30	"{\\"training_metrics\\": {\\"training_duration_seconds\\": 8.865125, \\"final_loss\\": 16.572769165039062, \\"final_val_loss\\": 16.507112503051758, \\"final_mae\\": 0.5593417882919312, \\"final_val_mae\\": 0.9131432771682739, \\"epochs_trained\\": 5, \\"best_epoch\\": 5.0, \\"training_completed_at\\": \\"2025-08-03T08:11:29.973071\\", \\"mse\\": 441533186.7608782, \\"mae\\": 20864.003464561007, \\"rmse\\": 21012.69108802769, \\"r2_score\\": -83.88395940472924, \\"mape\\": 17.891588535816464}, \\"data_points\\": 91, \\"model_id\\": \\"BTC_lstm_20250803_081130\\", \\"is_training_record\\": true}"	\N	1.00000000	\N	\N	\N	\N	\N	f	\N	5.00	\N	\N	\N	\N	\N	Training completed for model BTC_lstm_20250803_081130	\N	2025-08-03 11:41:20.694242+03:30	2025-08-03 11:41:20.694242+03:30	\N
2	1	\N	lstm_training_result	1.0	1.00000000	0.1000	24	2025-08-04 13:22:17.037065+03:30	"{\\"training_metrics\\": {\\"training_duration_seconds\\": 8.403747, \\"final_loss\\": 16.349702835083008, \\"final_val_loss\\": 16.259723663330078, \\"final_mae\\": 0.5237912535667419, \\"final_val_mae\\": 0.8792706727981567, \\"epochs_trained\\": 5, \\"best_epoch\\": 5.0, \\"training_completed_at\\": \\"2025-08-03T09:52:16.222687\\", \\"mse\\": 419277095.2694724, \\"mae\\": 20360.275339561005, \\"rmse\\": 20476.256866660773, \\"r2_score\\": -79.6052659263893, \\"mape\\": 17.464009914690763}, \\"data_points\\": 91, \\"model_id\\": \\"BTC_lstm_20250803_095216\\", \\"is_training_record\\": true}"	\N	1.00000000	\N	\N	\N	\N	\N	f	\N	5.00	\N	\N	\N	\N	\N	Training completed for model BTC_lstm_20250803_095216	\N	2025-08-03 13:22:07.603467+03:30	2025-08-03 13:22:07.603467+03:30	\N
\.


--
-- TOC entry 4950 (class 0 OID 16948)
-- Dependencies: 221
-- Data for Name: price_data; Type: TABLE DATA; Schema: public; Owner: -
--

COPY public.price_data (id, crypto_id, "timestamp", open_price, high_price, low_price, close_price, volume, market_cap, created_at) FROM stdin;
1	1	2025-05-06 03:30:00+03:30	94758.82371055	94758.82371055	94758.82371055	94758.82371055	24086456278.20384600	1882511286487.96	\N
2	1	2025-05-07 03:30:00+03:30	96854.53198816	96854.53198816	96854.53198816	96854.53198816	23348052607.07187300	1923643840814.60	\N
3	1	2025-05-08 03:30:00+03:30	97026.49376967	97026.49376967	97026.49376967	97026.49376967	64376174032.08048000	1927134557858.27	\N
4	1	2025-05-09 03:30:00+03:30	103076.27555513	103076.27555513	103076.27555513	103076.27555513	50020047720.65604000	2047883753852.69	\N
5	1	2025-05-10 03:30:00+03:30	102962.54045692	102962.54045692	102962.54045692	102962.54045692	40800894903.23446000	2045046445523.52	\N
6	1	2025-05-11 03:30:00+03:30	104630.87929942	104630.87929942	104630.87929942	104630.87929942	21558992540.04244200	2077132539531.35	\N
7	1	2025-05-12 03:30:00+03:30	103994.06161675	103994.06161675	103994.06161675	103994.06161675	27389436049.45479200	2065659960471.37	\N
8	1	2025-05-13 03:30:00+03:30	102876.83042860	102876.83042860	102876.83042860	102876.83042860	43090605819.36596000	2044347271866.17	\N
9	1	2025-05-14 03:30:00+03:30	104184.49039271	104184.49039271	104184.49039271	104184.49039271	33861432519.50822000	2069356072124.02	\N
10	1	2025-05-15 03:30:00+03:30	103594.42575091	103594.42575091	103594.42575091	103594.42575091	28398245846.79824400	2057798367292.56	\N
11	1	2025-05-16 03:30:00+03:30	103708.85136424	103708.85136424	103708.85136424	103708.85136424	31823340473.33991200	2060142559914.03	\N
12	1	2025-05-17 03:30:00+03:30	103556.03493982	103556.03493982	103556.03493982	103556.03493982	25887953182.14765000	2057725640290.08	\N
13	1	2025-05-18 03:30:00+03:30	103212.36483885	103212.36483885	103212.36483885	103212.36483885	18950056010.47905700	2050318521477.81	\N
14	1	2025-05-19 03:30:00+03:30	106030.63768314	106030.63768314	106030.63768314	106030.63768314	30744060179.80296300	2104889720872.83	\N
15	1	2025-05-20 03:30:00+03:30	105629.41580437	105629.41580437	105629.41580437	105629.41580437	43339734153.75087000	2098485415895.05	\N
16	1	2025-05-21 03:30:00+03:30	106786.71995834	106786.71995834	106786.71995834	106786.71995834	36393687094.25122000	2121778617273.82	\N
17	1	2025-05-22 03:30:00+03:30	109665.86371625	109665.86371625	109665.86371625	109665.86371625	60722883113.84000000	2178838967665.51	\N
18	1	2025-05-23 03:30:00+03:30	111560.35693814	111560.35693814	111560.35693814	111560.35693814	52218408239.45193000	2214712145787.25	\N
19	1	2025-05-24 03:30:00+03:30	107216.66856871	107216.66856871	107216.66856871	107216.66856871	49251745837.96465000	2131595896624.44	\N
20	1	2025-05-25 03:30:00+03:30	107831.36374380	107831.36374380	107831.36374380	107831.36374380	27128230116.51716200	2142540077685.22	\N
21	1	2025-05-26 03:30:00+03:30	108861.81037744	108861.81037744	108861.81037744	108861.81037744	29652659665.04873300	2163072841533.61	\N
22	1	2025-05-27 03:30:00+03:30	109377.71513263	109377.71513263	109377.71513263	109377.71513263	27950577137.91888800	2173059855839.42	\N
23	1	2025-05-28 03:30:00+03:30	109068.45694901	109068.45694901	109068.45694901	109068.45694901	38978783508.88622000	2167551887130.01	\N
24	1	2025-05-29 03:30:00+03:30	107838.18431100	107838.18431100	107838.18431100	107838.18431100	29794278037.28494600	2143342706888.31	\N
25	1	2025-05-30 03:30:00+03:30	105745.41660358	105745.41660358	105745.41660358	105745.41660358	38279231892.56757000	2101348752694.31	\N
26	1	2025-05-31 03:30:00+03:30	104010.91956243	104010.91956243	104010.91956243	104010.91956243	39680060337.61021400	2066830946978.06	\N
27	1	2025-06-01 03:30:00+03:30	104687.50742935	104687.50742935	104687.50742935	104687.50742935	20432694555.09522000	2080467809295.77	\N
28	1	2025-06-02 03:30:00+03:30	105710.00593823	105710.00593823	105710.00593823	105710.00593823	17721500507.53389000	2101178071590.97	\N
29	1	2025-06-03 03:30:00+03:30	105884.74263221	105884.74263221	105884.74263221	105884.74263221	26313843058.73954000	2104229403094.94	\N
30	1	2025-06-04 03:30:00+03:30	105434.47745145	105434.47745145	105434.47745145	105434.47745145	25925661121.08039500	2095294001281.48	\N
31	1	2025-06-05 03:30:00+03:30	104812.91821881	104812.91821881	104812.91821881	104812.91821881	25812143562.79796200	2083148839111.21	\N
32	1	2025-06-06 03:30:00+03:30	101650.73875454	101650.73875454	101650.73875454	101650.73875454	39711941132.02340000	2020294099992.37	\N
33	1	2025-06-07 03:30:00+03:30	104409.74967959	104409.74967959	104409.74967959	104409.74967959	29897390978.09010300	2075175500201.43	\N
34	1	2025-06-08 03:30:00+03:30	105681.45461418	105681.45461418	105681.45461418	105681.45461418	17749731308.73042000	2100553336902.51	\N
35	1	2025-06-09 03:30:00+03:30	105692.24740699	105692.24740699	105692.24740699	105692.24740699	16044679696.27010300	2100654769399.47	\N
36	1	2025-06-10 03:30:00+03:30	110261.57485948	110261.57485948	110261.57485948	110261.57485948	38222993297.50514000	2191877481230.95	\N
37	1	2025-06-11 03:30:00+03:30	110212.73252110	110212.73252110	110212.73252110	110212.73252110	36303839182.73482500	2189350055406.33	\N
38	1	2025-06-12 03:30:00+03:30	108679.97609162	108679.97609162	108679.97609162	108679.97609162	30338936631.62664800	2159529375273.50	\N
39	1	2025-06-13 03:30:00+03:30	105979.22902376	105979.22902376	105979.22902376	105979.22902376	35865159511.38857000	2107911943768.30	\N
40	1	2025-06-14 03:30:00+03:30	106045.56440819	106045.56440819	106045.56440819	106045.56440819	49471015505.74361000	2107973087547.79	\N
41	1	2025-06-15 03:30:00+03:30	105482.90611629	105482.90611629	105482.90611629	105482.90611629	17916412455.86628300	2097486541223.27	\N
42	1	2025-06-16 03:30:00+03:30	105554.49383062	105554.49383062	105554.49383062	105554.49383062	16568441852.64966800	2098499110552.62	\N
43	1	2025-06-17 03:30:00+03:30	106951.27201815	106951.27201815	106951.27201815	106951.27201815	32095957011.72420500	2127895470544.72	\N
44	1	2025-06-18 03:30:00+03:30	104683.42479836	104683.42479836	104683.42479836	104683.42479836	38603212010.88943500	2080968120976.95	\N
45	1	2025-06-19 03:30:00+03:30	104722.69505291	104722.69505291	104722.69505291	104722.69505291	30339326410.15494500	2081677732261.69	\N
46	1	2025-06-20 03:30:00+03:30	104690.65002458	104690.65002458	104690.65002458	104690.65002458	18063282658.15229800	2081355279873.41	\N
47	1	2025-06-21 03:30:00+03:30	103290.10514476	103290.10514476	103290.10514476	103290.10514476	30632751225.40744400	2054120245608.21	\N
48	1	2025-06-22 03:30:00+03:30	101532.56838473	101532.56838473	101532.56838473	101532.56838473	21644463198.71953200	2017415966695.53	\N
49	1	2025-06-23 03:30:00+03:30	100852.58264649	100852.58264649	100852.58264649	100852.58264649	51287142390.02526000	2005179769771.73	\N
50	1	2025-06-24 03:30:00+03:30	105511.62437933	105511.62437933	105511.62437933	105511.62437933	50011797128.68370000	2097741233586.59	\N
51	1	2025-06-25 03:30:00+03:30	105976.06929808	105976.06929808	105976.06929808	105976.06929808	31704641076.94106300	2107110352429.80	\N
52	1	2025-06-26 03:30:00+03:30	107238.53045016	107238.53045016	107238.53045016	107238.53045016	30468274982.03484700	2132141147369.00	\N
53	1	2025-06-27 03:30:00+03:30	106984.01253776	106984.01253776	106984.01253776	106984.01253776	24320699663.15122000	2127292099754.93	\N
54	1	2025-06-28 03:30:00+03:30	107078.91560644	107078.91560644	107078.91560644	107078.91560644	25194306261.88883200	2129020567385.96	\N
55	1	2025-06-29 03:30:00+03:30	107331.58548464	107331.58548464	107331.58548464	107331.58548464	8960877693.57604000	2134239999929.66	\N
56	1	2025-06-30 03:30:00+03:30	108396.61631318	108396.61631318	108396.61631318	108396.61631318	14881078675.36682900	2155183166489.81	\N
57	1	2025-07-01 03:30:00+03:30	107132.79910702	107132.79910702	107132.79910702	107132.79910702	22489515582.41552000	2130471589191.58	\N
58	1	2025-07-02 03:30:00+03:30	105613.39974163	105613.39974163	105613.39974163	105613.39974163	25033160828.30909000	2100087563077.93	\N
59	1	2025-07-03 03:30:00+03:30	108824.44423168	108824.44423168	108824.44423168	108824.44423168	36395184773.06136000	2163835371770.10	\N
60	1	2025-07-04 03:30:00+03:30	109602.20483914	109602.20483914	109602.20483914	109602.20483914	29892049537.62860500	2179664531219.93	\N
61	1	2025-07-05 03:30:00+03:30	108040.89194001	108040.89194001	108040.89194001	108040.89194001	24248906784.57383000	2148601712907.34	\N
62	1	2025-07-06 03:30:00+03:30	108217.46849992	108217.46849992	108217.46849992	108217.46849992	10042942280.96690400	2152344091389.65	\N
63	1	2025-07-07 03:30:00+03:30	109215.19771840	109215.19771840	109215.19771840	109215.19771840	14638669497.35129700	2171497503296.05	\N
64	1	2025-07-08 03:30:00+03:30	108300.71675785	108300.71675785	108300.71675785	108300.71675785	25493246475.80407000	2153777588647.45	\N
65	1	2025-07-09 03:30:00+03:30	108953.19187728	108953.19187728	108953.19187728	108953.19187728	20488865138.27645000	2167049398056.74	\N
66	1	2025-07-10 03:30:00+03:30	111327.53054246	111327.53054246	111327.53054246	111327.53054246	37078460440.66385000	2215210888568.43	\N
67	1	2025-07-11 03:30:00+03:30	115879.65030112	115879.65030112	115879.65030112	115879.65030112	56204086624.04028000	2303292356999.74	\N
68	1	2025-07-12 03:30:00+03:30	117571.02510036	117571.02510036	117571.02510036	117571.02510036	64185145923.88688000	2338612196961.74	\N
69	1	2025-07-13 03:30:00+03:30	117418.95745008	117418.95745008	117418.95745008	117418.95745008	24351256098.39354300	2335485977830.67	\N
70	1	2025-07-14 03:30:00+03:30	119117.55666328	119117.55666328	119117.55666328	119117.55666328	27310851454.97692000	2369050366835.56	\N
71	1	2025-07-15 03:30:00+03:30	119833.67446712	119833.67446712	119833.67446712	119833.67446712	68915956378.80447000	2383825813673.85	\N
72	1	2025-07-16 03:30:00+03:30	117678.19493404	117678.19493404	117678.19493404	117678.19493404	80299520980.23350000	2341223394839.92	\N
73	1	2025-07-17 03:30:00+03:30	118748.16273678	118748.16273678	118748.16273678	118748.16273678	50374263848.76278000	2363194640209.58	\N
74	1	2025-07-18 03:30:00+03:30	119445.36520434	119445.36520434	119445.36520434	119445.36520434	49282617205.72662000	2376237382764.30	\N
75	1	2025-07-19 03:30:00+03:30	117988.94664456	117988.94664456	117988.94664456	117988.94664456	58896449260.69391000	2347165317624.54	\N
76	1	2025-07-20 03:30:00+03:30	117901.62655901	117901.62655901	117901.62655901	117901.62655901	23934511126.34953300	2345398337785.54	\N
77	1	2025-07-21 03:30:00+03:30	117256.92082227	117256.92082227	117256.92082227	117256.92082227	36702153882.06748000	2333757287859.66	\N
78	1	2025-07-22 03:30:00+03:30	117482.46977767	117482.46977767	117482.46977767	117482.46977767	46344384345.39471000	2337365497467.13	\N
79	1	2025-07-23 03:30:00+03:30	119955.79570608	119955.79570608	119955.79570608	119955.79570608	58939000420.94166000	2387516761560.49	\N
80	1	2025-07-24 03:30:00+03:30	118629.05588130	118629.05588130	118629.05588130	118629.05588130	45225685167.61703000	2359931875300.52	\N
81	1	2025-07-25 03:30:00+03:30	118354.43517439	118354.43517439	118354.43517439	118354.43517439	51940414419.33270000	2354764508342.99	\N
82	1	2025-07-26 03:30:00+03:30	117540.80837086	117540.80837086	117540.80837086	117540.80837086	91617702596.10347000	2338855554998.78	\N
83	1	2025-07-27 03:30:00+03:30	117959.54234361	117959.54234361	117959.54234361	117959.54234361	25145925063.88134800	2346959472845.03	\N
84	1	2025-07-28 03:30:00+03:30	119418.91405141	119418.91405141	119418.91405141	119418.91405141	30220402191.46766300	2376524838793.01	\N
85	1	2025-07-29 03:30:00+03:30	118003.30201608	118003.30201608	118003.30201608	118003.30201608	43433742203.62158000	2349472897426.47	\N
86	1	2025-07-30 03:30:00+03:30	117853.30892864	117853.30892864	117853.30892864	117853.30892864	42860287143.68828000	2345126504020.11	\N
87	1	2025-07-31 03:30:00+03:30	117833.24087996	117833.24087996	117833.24087996	117833.24087996	43054424656.58649000	2343717963709.71	\N
88	1	2025-08-01 03:30:00+03:30	115700.00243916	115700.00243916	115700.00243916	115700.00243916	45238249453.35885000	2302199162425.12	\N
89	1	2025-08-02 03:30:00+03:30	113234.60513432	113234.60513432	113234.60513432	113234.60513432	65794680822.25255000	2253609880959.40	\N
90	1	2025-08-03 03:30:00+03:30	112554.90232222	112554.90232222	112554.90232222	112554.90232222	33543439044.09785000	2240413983638.11	\N
91	1	2025-08-03 11:40:12+03:30	113727.86909685	113727.86909685	113727.86909685	113727.86909685	32496236641.18231200	2262982676194.57	\N
92	2	2025-05-06 03:30:00+03:30	1820.00445989	1820.00445989	1820.00445989	1820.00445989	10545233503.34786400	219769896301.20	\N
93	2	2025-05-07 03:30:00+03:30	1816.16869438	1816.16869438	1816.16869438	1816.16869438	11950393736.52724600	219305875804.56	\N
94	2	2025-05-08 03:30:00+03:30	1810.31692693	1810.31692693	1810.31692693	1810.31692693	47111217119.49919000	218569578701.42	\N
95	2	2025-05-09 03:30:00+03:30	2197.56118932	2197.56118932	2197.56118932	2197.56118932	35992825075.05399000	264994998215.94	\N
96	2	2025-05-10 03:30:00+03:30	2341.40796300	2341.40796300	2341.40796300	2341.40796300	44566779461.54657000	282636716534.09	\N
97	2	2025-05-11 03:30:00+03:30	2583.68290514	2583.68290514	2583.68290514	2583.68290514	29947910159.02891000	312095621694.14	\N
98	2	2025-05-12 03:30:00+03:30	2507.46931076	2507.46931076	2507.46931076	2507.46931076	26138286410.23315000	302727255563.51	\N
99	2	2025-05-13 03:30:00+03:30	2492.42639108	2492.42639108	2492.42639108	2492.42639108	31524626114.97875200	300976824863.03	\N
100	2	2025-05-14 03:30:00+03:30	2676.63916313	2676.63916313	2676.63916313	2676.63916313	32279895881.63780600	322977150438.36	\N
101	2	2025-05-15 03:30:00+03:30	2603.71808872	2603.71808872	2603.71808872	2603.71808872	28150234190.93170500	314022060127.05	\N
102	2	2025-05-16 03:30:00+03:30	2542.29669247	2542.29669247	2542.29669247	2542.29669247	26211434557.71590000	306933361055.93	\N
103	2	2025-05-17 03:30:00+03:30	2544.38703772	2544.38703772	2544.38703772	2544.38703772	21130441534.96637000	307619694635.77	\N
104	2	2025-05-18 03:30:00+03:30	2475.05439337	2475.05439337	2475.05439337	2475.05439337	17185510890.70234700	298789831687.00	\N
105	2	2025-05-19 03:30:00+03:30	2465.34098561	2465.34098561	2465.34098561	2465.34098561	24797434472.36408600	296863390804.25	\N
106	2	2025-05-20 03:30:00+03:30	2526.98964389	2526.98964389	2526.98964389	2526.98964389	25363871274.82505000	305077067863.08	\N
107	2	2025-05-21 03:30:00+03:30	2524.27434331	2524.27434331	2524.27434331	2524.27434331	22871462735.41679400	304737250158.37	\N
108	2	2025-05-22 03:30:00+03:30	2558.95023438	2558.95023438	2558.95023438	2558.95023438	32697477527.54695000	308934701949.72	\N
109	2	2025-05-23 03:30:00+03:30	2657.16744476	2657.16744476	2657.16744476	2657.16744476	29592612076.50553500	320733890913.40	\N
110	2	2025-05-24 03:30:00+03:30	2519.81380905	2519.81380905	2519.81380905	2519.81380905	30047329191.50366200	304038733414.04	\N
111	2	2025-05-25 03:30:00+03:30	2529.44298423	2529.44298423	2529.44298423	2529.44298423	10744994421.19268400	305369227833.42	\N
112	2	2025-05-26 03:30:00+03:30	2546.62011634	2546.62011634	2546.62011634	2546.62011634	13814697849.72627800	307423642894.07	\N
113	2	2025-05-27 03:30:00+03:30	2562.17292864	2562.17292864	2562.17292864	2562.17292864	13350148034.29362300	309319360637.78	\N
114	2	2025-05-28 03:30:00+03:30	2662.09405682	2662.09405682	2662.09405682	2662.09405682	26434151855.25385300	321357595434.52	\N
115	2	2025-05-29 03:30:00+03:30	2676.26741245	2676.26741245	2676.26741245	2676.26741245	18008588586.28410300	323119009777.14	\N
116	2	2025-05-30 03:30:00+03:30	2633.13920653	2633.13920653	2633.13920653	2633.13920653	27021441335.51950000	317891224562.88	\N
117	2	2025-05-31 03:30:00+03:30	2524.47623481	2524.47623481	2524.47623481	2524.47623481	22927149330.30469000	304659964725.22	\N
118	2	2025-06-01 03:30:00+03:30	2532.36278531	2532.36278531	2532.36278531	2532.36278531	13006751258.18768000	305718505778.76	\N
119	2	2025-06-02 03:30:00+03:30	2538.33005844	2538.33005844	2538.33005844	2538.33005844	11338340571.11249000	306561765778.24	\N
120	2	2025-06-03 03:30:00+03:30	2609.73725396	2609.73725396	2609.73725396	2609.73725396	15623967732.41865700	314999579353.96	\N
121	2	2025-06-04 03:30:00+03:30	2595.46895701	2595.46895701	2595.46895701	2595.46895701	15955008730.33817900	313315832347.02	\N
122	2	2025-06-05 03:30:00+03:30	2610.34318983	2610.34318983	2610.34318983	2610.34318983	16809606446.17641600	315159803382.89	\N
123	2	2025-06-06 03:30:00+03:30	2421.60110376	2421.60110376	2421.60110376	2421.60110376	25849573159.64817000	292341916400.95	\N
124	2	2025-06-07 03:30:00+03:30	2481.40398367	2481.40398367	2481.40398367	2481.40398367	18395107930.47655000	299560106673.76	\N
125	2	2025-06-08 03:30:00+03:30	2526.29199589	2526.29199589	2526.29199589	2526.29199589	9535426814.69192700	304953508465.05	\N
126	2	2025-06-09 03:30:00+03:30	2508.78412358	2508.78412358	2508.78412358	2508.78412358	10206893115.53725600	302870081038.26	\N
127	2	2025-06-10 03:30:00+03:30	2685.00018504	2685.00018504	2685.00018504	2685.00018504	19485734665.28548000	324315565109.12	\N
128	2	2025-06-11 03:30:00+03:30	2808.50320831	2808.50320831	2808.50320831	2808.50320831	38281210143.95115000	339012253954.42	\N
129	2	2025-06-12 03:30:00+03:30	2776.13719158	2776.13719158	2776.13719158	2776.13719158	27369030837.54859500	334990282503.40	\N
130	2	2025-06-13 03:30:00+03:30	2653.15896845	2653.15896845	2653.15896845	2653.15896845	26068993569.96989400	320595535562.53	\N
131	2	2025-06-14 03:30:00+03:30	2577.04861753	2577.04861753	2577.04861753	2577.04861753	38576471746.00814000	311111352117.73	\N
132	2	2025-06-15 03:30:00+03:30	2534.07021954	2534.07021954	2534.07021954	2534.07021954	12077031034.29152100	306048481935.16	\N
133	2	2025-06-16 03:30:00+03:30	2547.84560409	2547.84560409	2547.84560409	2547.84560409	11678912429.51071200	307537228689.27	\N
134	2	2025-06-17 03:30:00+03:30	2561.32984357	2561.32984357	2561.32984357	2561.32984357	24222149649.17242400	309982828015.91	\N
135	2	2025-06-18 03:30:00+03:30	2514.98670058	2514.98670058	2514.98670058	2514.98670058	25926506708.04021500	303697873489.69	\N
136	2	2025-06-19 03:30:00+03:30	2521.33342340	2521.33342340	2521.33342340	2521.33342340	17800721253.24320200	304290652058.44	\N
137	2	2025-06-20 03:30:00+03:30	2522.17919036	2522.17919036	2522.17919036	2522.17919036	10392473841.15585100	304481216643.12	\N
138	2	2025-06-21 03:30:00+03:30	2405.69543421	2405.69543421	2405.69543421	2405.69543421	20482816663.29469000	290401843920.23	\N
139	2	2025-06-22 03:30:00+03:30	2270.58199606	2270.58199606	2270.58199606	2270.58199606	16155611764.84833000	273839538572.26	\N
140	2	2025-06-23 03:30:00+03:30	2227.42872664	2227.42872664	2227.42872664	2227.42872664	28181442532.31587600	268777741291.44	\N
141	2	2025-06-24 03:30:00+03:30	2423.89964427	2423.89964427	2423.89964427	2423.89964427	25494295400.42088700	292612668627.39	\N
142	2	2025-06-25 03:30:00+03:30	2446.53930155	2446.53930155	2446.53930155	2446.53930155	19669025068.96360400	295402538889.65	\N
143	2	2025-06-26 03:30:00+03:30	2417.22678553	2417.22678553	2417.22678553	2417.22678553	15513055665.26242800	291827501114.88	\N
144	2	2025-06-27 03:30:00+03:30	2415.03186488	2415.03186488	2415.03186488	2415.03186488	16271811388.72380400	291547094716.22	\N
145	2	2025-06-28 03:30:00+03:30	2423.03028967	2423.03028967	2423.03028967	2423.03028967	13100825617.81657200	292419308271.87	\N
146	2	2025-06-29 03:30:00+03:30	2437.13300178	2437.13300178	2437.13300178	2437.13300178	5787313890.54163700	294208600645.25	\N
147	2	2025-06-30 03:30:00+03:30	2502.66727212	2502.66727212	2502.66727212	2502.66727212	10236257918.83309600	302158279316.22	\N
148	2	2025-07-01 03:30:00+03:30	2488.19078169	2488.19078169	2488.19078169	2488.19078169	16306915984.93805700	300388851494.50	\N
149	2	2025-07-02 03:30:00+03:30	2405.10455928	2405.10455928	2405.10455928	2405.10455928	12933967031.52444300	290294455719.48	\N
150	2	2025-07-03 03:30:00+03:30	2574.06771850	2574.06771850	2574.06771850	2574.06771850	21862573614.17975000	310930535640.43	\N
151	2	2025-07-04 03:30:00+03:30	2590.13223159	2590.13223159	2590.13223159	2590.13223159	19823369642.62606000	312621047413.05	\N
152	2	2025-07-05 03:30:00+03:30	2509.23634578	2509.23634578	2509.23634578	2509.23634578	16377116416.18703300	302827514359.61	\N
153	2	2025-07-06 03:30:00+03:30	2517.37917835	2517.37917835	2517.37917835	2517.37917835	6801276942.28449400	304028836772.57	\N
154	2	2025-07-07 03:30:00+03:30	2571.35819212	2571.35819212	2571.35819212	2571.35819212	9051659015.94996800	310345645222.75	\N
155	2	2025-07-08 03:30:00+03:30	2543.63170281	2543.63170281	2543.63170281	2543.63170281	15947822897.04915200	307013209348.51	\N
156	2	2025-07-09 03:30:00+03:30	2615.77598889	2615.77598889	2615.77598889	2615.77598889	14750377128.58129500	315738597830.34	\N
157	2	2025-07-10 03:30:00+03:30	2772.57956266	2772.57956266	2772.57956266	2772.57956266	26626246774.24465600	335050165487.70	\N
158	2	2025-07-11 03:30:00+03:30	2948.44620270	2948.44620270	2948.44620270	2948.44620270	39308824585.23128000	355346738000.49	\N
159	2	2025-07-12 03:30:00+03:30	2958.85144510	2958.85144510	2958.85144510	2958.85144510	42455550664.55466500	357144054434.92	\N
160	2	2025-07-13 03:30:00+03:30	2942.96160554	2942.96160554	2942.96160554	2942.96160554	17472135946.60354000	355216449018.52	\N
161	2	2025-07-14 03:30:00+03:30	2974.26549523	2974.26549523	2974.26549523	2974.26549523	18605172049.08777200	359110100026.36	\N
162	2	2025-07-15 03:30:00+03:30	3012.17970691	3012.17970691	3012.17970691	3012.17970691	41336421998.04408000	363606274489.51	\N
163	2	2025-07-16 03:30:00+03:30	3133.06985775	3133.06985775	3133.06985775	3133.06985775	43416230283.76601000	378233206915.82	\N
164	2	2025-07-17 03:30:00+03:30	3368.12652153	3368.12652153	3368.12652153	3368.12652153	54882159731.02860000	406599729410.54	\N
165	2	2025-07-18 03:30:00+03:30	3481.88281524	3481.88281524	3481.88281524	3481.88281524	45678965280.66659000	420347293649.25	\N
166	2	2025-07-19 03:30:00+03:30	3547.31707900	3547.31707900	3547.31707900	3547.31707900	72535524453.98022000	427841866746.57	\N
167	2	2025-07-20 03:30:00+03:30	3594.31850108	3594.31850108	3594.31850108	3594.31850108	27017909119.38483400	433877664505.94	\N
168	2	2025-07-21 03:30:00+03:30	3758.60558181	3758.60558181	3758.60558181	3758.60558181	55175056732.09093000	453825859015.22	\N
169	2	2025-07-22 03:30:00+03:30	3765.45362402	3765.45362402	3765.45362402	3765.45362402	47245582310.60992000	454513156113.66	\N
170	2	2025-07-23 03:30:00+03:30	3746.94066873	3746.94066873	3746.94066873	3746.94066873	52357062545.19388000	452355960897.77	\N
171	2	2025-07-24 03:30:00+03:30	3630.05353148	3630.05353148	3630.05353148	3630.05353148	47655045407.89862000	438111570682.85	\N
172	2	2025-07-25 03:30:00+03:30	3708.42993524	3708.42993524	3708.42993524	3708.42993524	47332291813.01175000	447620332487.87	\N
173	2	2025-07-26 03:30:00+03:30	3723.05290928	3723.05290928	3723.05290928	3723.05290928	48622472830.12327000	449379722345.44	\N
174	2	2025-07-27 03:30:00+03:30	3742.43142587	3742.43142587	3742.43142587	3742.43142587	25352434514.72998000	451746443518.38	\N
175	2	2025-07-28 03:30:00+03:30	3864.12483747	3864.12483747	3864.12483747	3864.12483747	26045280361.31318000	466077664312.28	\N
176	2	2025-07-29 03:30:00+03:30	3786.30384600	3786.30384600	3786.30384600	3786.30384600	38743589826.42135000	457680388920.67	\N
177	2	2025-07-30 03:30:00+03:30	3788.59837161	3788.59837161	3788.59837161	3788.59837161	34923369443.87463000	457213828532.12	\N
178	2	2025-07-31 03:30:00+03:30	3807.41660108	3807.41660108	3807.41660108	3807.41660108	28710848449.74598300	459449027043.40	\N
179	2	2025-08-01 03:30:00+03:30	3696.66285309	3696.66285309	3696.66285309	3696.66285309	31312115686.89626700	446264222707.44	\N
180	2	2025-08-02 03:30:00+03:30	3483.17895516	3483.17895516	3483.17895516	3483.17895516	42431734230.15089000	420327732498.14	\N
181	2	2025-08-03 03:30:00+03:30	3397.48554841	3397.48554841	3397.48554841	3397.48554841	28164675444.89598500	410229849339.57	\N
182	2	2025-08-03 11:40:15+03:30	3458.14492770	3458.14492770	3458.14492770	3458.14492770	25610686440.56959000	417277078313.25	\N
183	3	2025-05-06 03:30:00+03:30	0.66316392	0.66316392	0.66316392	0.66316392	664925434.17086540	23902451669.19	\N
184	3	2025-05-07 03:30:00+03:30	0.67877619	0.67877619	0.67877619	0.67877619	552471849.91561570	24463961860.24	\N
185	3	2025-05-08 03:30:00+03:30	0.67137650	0.67137650	0.67137650	0.67137650	582536184.25635420	24195472086.45	\N
186	3	2025-05-09 03:30:00+03:30	0.76515375	0.76515375	0.76515375	0.76515375	1355272025.09928920	27573582317.25	\N
187	3	2025-05-10 03:30:00+03:30	0.77730248	0.77730248	0.77730248	0.77730248	1491055749.58557200	28017302189.70	\N
188	3	2025-05-11 03:30:00+03:30	0.84005966	0.84005966	0.84005966	0.84005966	1390682398.37950560	30273711466.99	\N
189	3	2025-05-12 03:30:00+03:30	0.80486299	0.80486299	0.80486299	0.80486299	1096359924.97860000	29026449066.15	\N
190	3	2025-05-13 03:30:00+03:30	0.81911038	0.81911038	0.81911038	0.81911038	1891364013.69092200	29542116778.91	\N
191	3	2025-05-14 03:30:00+03:30	0.83125411	0.83125411	0.83125411	0.83125411	1249623977.96944620	29954816641.68	\N
192	3	2025-05-15 03:30:00+03:30	0.79858160	0.79858160	0.79858160	0.79858160	1166899569.11349080	28792428287.35	\N
193	3	2025-05-16 03:30:00+03:30	0.76090927	0.76090927	0.76090927	0.76090927	1032947704.58326160	27455207028.85	\N
194	3	2025-05-17 03:30:00+03:30	0.76058024	0.76058024	0.76058024	0.76058024	777814627.61779150	27429254114.59	\N
195	3	2025-05-18 03:30:00+03:30	0.74247842	0.74247842	0.74247842	0.74247842	906498912.25728860	26771209957.90	\N
196	3	2025-05-19 03:30:00+03:30	0.75183948	0.75183948	0.75183948	0.75183948	949005467.36444640	27103935183.70	\N
197	3	2025-05-20 03:30:00+03:30	0.74260460	0.74260460	0.74260460	0.74260460	855716668.75419510	26763365631.51	\N
198	3	2025-05-21 03:30:00+03:30	0.74564419	0.74564419	0.74564419	0.74564419	690998975.77923970	26896666172.74	\N
199	3	2025-05-22 03:30:00+03:30	0.77206500	0.77206500	0.77206500	0.77206500	1077168981.20200600	27846926422.85	\N
200	3	2025-05-23 03:30:00+03:30	0.80775482	0.80775482	0.80775482	0.80775482	1069425848.60425260	29122690912.89	\N
201	3	2025-05-24 03:30:00+03:30	0.74825425	0.74825425	0.74825425	0.74825425	1417851508.94027600	26987696231.47	\N
202	3	2025-05-25 03:30:00+03:30	0.74602619	0.74602619	0.74602619	0.74602619	630031485.69214820	26915457892.19	\N
203	3	2025-05-26 03:30:00+03:30	0.75897617	0.75897617	0.75897617	0.75897617	673782320.82342300	27376875342.49	\N
204	3	2025-05-27 03:30:00+03:30	0.75824708	0.75824708	0.75824708	0.75824708	588809796.88948850	27329648727.03	\N
205	3	2025-05-28 03:30:00+03:30	0.75780182	0.75780182	0.75780182	0.75780182	652902725.70868770	27335151620.24	\N
206	3	2025-05-29 03:30:00+03:30	0.74652057	0.74652057	0.74652057	0.74652057	546997351.27975700	26933461451.49	\N
207	3	2025-05-30 03:30:00+03:30	0.72427209	0.72427209	0.72427209	0.72427209	649806532.90530630	26140481607.69	\N
208	3	2025-05-31 03:30:00+03:30	0.69126144	0.69126144	0.69126144	0.69126144	935627012.61806700	24936281521.46	\N
209	3	2025-06-01 03:30:00+03:30	0.68630354	0.68630354	0.68630354	0.68630354	721005660.50612030	24770107966.35	\N
210	3	2025-06-02 03:30:00+03:30	0.68535595	0.68535595	0.68535595	0.68535595	524853161.23615330	24732803096.96	\N
211	3	2025-06-03 03:30:00+03:30	0.69006204	0.69006204	0.69006204	0.69006204	570636794.57065150	24897321616.93	\N
212	3	2025-06-04 03:30:00+03:30	0.68483377	0.68483377	0.68483377	0.68483377	494639383.16412145	24719577929.78	\N
213	3	2025-06-05 03:30:00+03:30	0.66623525	0.66623525	0.66623525	0.66623525	400096118.02794660	24031661959.24	\N
214	3	2025-06-06 03:30:00+03:30	0.62799897	0.62799897	0.62799897	0.62799897	759754191.84436440	22669093697.73	\N
215	3	2025-06-07 03:30:00+03:30	0.65641563	0.65641563	0.65641563	0.65641563	579132039.64939360	23688475463.26	\N
216	3	2025-06-08 03:30:00+03:30	0.66509712	0.66509712	0.66509712	0.66509712	345182718.07783103	24001422606.93	\N
217	3	2025-06-09 03:30:00+03:30	0.66964750	0.66964750	0.66964750	0.66964750	445907844.38359064	24163646338.43	\N
218	3	2025-06-10 03:30:00+03:30	0.70519279	0.70519279	0.70519279	0.70519279	556699781.99987900	25460038499.85	\N
219	3	2025-06-11 03:30:00+03:30	0.71610841	0.71610841	0.71610841	0.71610841	816441834.78047790	25850664174.36	\N
220	3	2025-06-12 03:30:00+03:30	0.69786096	0.69786096	0.69786096	0.69786096	650490779.25287180	25160602643.75	\N
221	3	2025-06-13 03:30:00+03:30	0.66456164	0.66456164	0.66456164	0.66456164	644736788.80815360	24003158282.34	\N
222	3	2025-06-14 03:30:00+03:30	0.64152871	0.64152871	0.64152871	0.64152871	967144196.29849730	23158300345.94	\N
223	3	2025-06-15 03:30:00+03:30	0.62495314	0.62495314	0.62495314	0.62495314	377703624.01002413	22575311987.08	\N
224	3	2025-06-16 03:30:00+03:30	0.63380917	0.63380917	0.63380917	0.63380917	306474152.59640940	22889350209.54	\N
225	3	2025-06-17 03:30:00+03:30	0.63480923	0.63480923	0.63480923	0.63480923	634345979.70438100	22979462817.49	\N
226	3	2025-06-18 03:30:00+03:30	0.61142248	0.61142248	0.61142248	0.61142248	668780456.83915150	22071392275.61	\N
227	3	2025-06-19 03:30:00+03:30	0.60315205	0.60315205	0.60315205	0.60315205	649432905.70209960	21783323049.76	\N
228	3	2025-06-20 03:30:00+03:30	0.60225175	0.60225175	0.60225175	0.60225175	411526119.63369230	21751920916.34	\N
229	3	2025-06-21 03:30:00+03:30	0.57684806	0.57684806	0.57684806	0.57684806	655089381.73438580	20831639963.30	\N
230	3	2025-06-22 03:30:00+03:30	0.55070837	0.55070837	0.55070837	0.55070837	616320411.85085010	19860269185.90	\N
231	3	2025-06-23 03:30:00+03:30	0.54113015	0.54113015	0.54113015	0.54113015	1046673222.59037960	19537396057.25	\N
232	3	2025-06-24 03:30:00+03:30	0.58324012	0.58324012	0.58324012	0.58324012	923344856.19398000	21057250286.82	\N
233	3	2025-06-25 03:30:00+03:30	0.58721946	0.58721946	0.58721946	0.58721946	716773448.95981320	21196882832.72	\N
234	3	2025-06-26 03:30:00+03:30	0.56677215	0.56677215	0.56677215	0.56677215	549499472.33118240	20470415241.92	\N
235	3	2025-06-27 03:30:00+03:30	0.55416219	0.55416219	0.55416219	0.55416219	546164591.26620420	20010411784.30	\N
236	3	2025-06-28 03:30:00+03:30	0.55869984	0.55869984	0.55869984	0.55869984	461343367.53896960	20174280342.18	\N
237	3	2025-06-29 03:30:00+03:30	0.56559760	0.56559760	0.56559760	0.56559760	328696976.35560340	20424929514.86	\N
238	3	2025-06-30 03:30:00+03:30	0.57750747	0.57750747	0.57750747	0.57750747	546299719.78883140	20858414265.29	\N
239	3	2025-07-01 03:30:00+03:30	0.57201801	0.57201801	0.57201801	0.57201801	685730060.09695700	20684142744.85	\N
240	3	2025-07-02 03:30:00+03:30	0.54215126	0.54215126	0.54215126	0.54215126	631715565.09691810	19585607723.23	\N
241	3	2025-07-03 03:30:00+03:30	0.58469526	0.58469526	0.58469526	0.58469526	934344132.03816890	21133767251.68	\N
242	3	2025-07-04 03:30:00+03:30	0.59878393	0.59878393	0.59878393	0.59878393	723259758.26139160	21633131946.87	\N
243	3	2025-07-05 03:30:00+03:30	0.57281464	0.57281464	0.57281464	0.57281464	539620249.51396980	20697995165.97	\N
244	3	2025-07-06 03:30:00+03:30	0.57601317	0.57601317	0.57601317	0.57601317	287359327.05554503	20813202746.92	\N
245	3	2025-07-07 03:30:00+03:30	0.58570569	0.58570569	0.58570569	0.58570569	379742988.53059584	21156942766.07	\N
246	3	2025-07-08 03:30:00+03:30	0.57981009	0.57981009	0.57981009	0.57981009	559194866.58175640	20943830668.34	\N
247	3	2025-07-09 03:30:00+03:30	0.58829615	0.58829615	0.58829615	0.58829615	487674618.95682390	21259747612.83	\N
248	3	2025-07-10 03:30:00+03:30	0.62362188	0.62362188	0.62362188	0.62362188	921412284.29523830	22540516235.57	\N
249	3	2025-07-11 03:30:00+03:30	0.67713283	0.67713283	0.67713283	0.67713283	1062017291.45080750	24444263244.47	\N
250	3	2025-07-12 03:30:00+03:30	0.71082073	0.71082073	0.71082073	0.71082073	2545650162.87282470	25672405503.04	\N
251	3	2025-07-13 03:30:00+03:30	0.70873039	0.70873039	0.70873039	0.70873039	1194202622.65718700	25613724704.19	\N
252	3	2025-07-14 03:30:00+03:30	0.73789839	0.73789839	0.73789839	0.73789839	1350750371.50823950	26660181602.60	\N
253	3	2025-07-15 03:30:00+03:30	0.73398578	0.73398578	0.73398578	0.73398578	1572853324.24135350	26532072959.49	\N
254	3	2025-07-16 03:30:00+03:30	0.74727763	0.74727763	0.74727763	0.74727763	1354949575.96360300	27037380803.49	\N
255	3	2025-07-17 03:30:00+03:30	0.76415077	0.76415077	0.76415077	0.76415077	1385025802.83775330	27624992915.28	\N
256	3	2025-07-18 03:30:00+03:30	0.82533511	0.82533511	0.82533511	0.82533511	2320405580.94588380	29850896753.24	\N
257	3	2025-07-19 03:30:00+03:30	0.81617415	0.81617415	0.81617415	0.81617415	2744061820.58163640	29502558306.00	\N
258	3	2025-07-20 03:30:00+03:30	0.83043306	0.83043306	0.83043306	0.83043306	924051674.37496690	30024974055.99	\N
259	3	2025-07-21 03:30:00+03:30	0.85833546	0.85833546	0.85833546	0.85833546	1647913109.45490500	31047712267.72	\N
260	3	2025-07-22 03:30:00+03:30	0.89041829	0.89041829	0.89041829	0.89041829	2186221398.60471340	32190550774.24	\N
261	3	2025-07-23 03:30:00+03:30	0.90276052	0.90276052	0.90276052	0.90276052	1915066491.96797230	32643748747.14	\N
262	3	2025-07-24 03:30:00+03:30	0.81588457	0.81588457	0.81588457	0.81588457	1761411667.16056730	29503031155.56	\N
263	3	2025-07-25 03:30:00+03:30	0.80501618	0.80501618	0.80501618	0.80501618	2046328243.61320760	29107926734.58	\N
264	3	2025-07-26 03:30:00+03:30	0.81482153	0.81482153	0.81482153	0.81482153	1632181351.14749260	29468903807.46	\N
265	3	2025-07-27 03:30:00+03:30	0.81908000	0.81908000	0.81908000	0.81908000	1141573915.97228880	29623156356.95	\N
266	3	2025-07-28 03:30:00+03:30	0.83124958	0.83124958	0.83124958	0.83124958	1223441648.32566050	30067518415.45	\N
267	3	2025-07-29 03:30:00+03:30	0.79065189	0.79065189	0.79065189	0.79065189	1539117170.26288750	28621028508.36	\N
268	3	2025-07-30 03:30:00+03:30	0.78232460	0.78232460	0.78232460	0.78232460	917245865.07235260	28290631587.00	\N
269	3	2025-07-31 03:30:00+03:30	0.76428352	0.76428352	0.76428352	0.76428352	1436810681.84367560	27607254837.25	\N
270	3	2025-08-01 03:30:00+03:30	0.73960457	0.73960457	0.73960457	0.73960457	927099828.22461380	26751946879.09	\N
271	3	2025-08-02 03:30:00+03:30	0.71452219	0.71452219	0.71452219	0.71452219	1721833578.48740270	25843222678.41	\N
272	3	2025-08-03 03:30:00+03:30	0.69809813	0.69809813	0.69809813	0.69809813	1148774439.20675350	25270704157.51	\N
273	3	2025-08-03 11:40:23+03:30	0.72301232	0.72301232	0.72301232	0.72301232	1227013717.42527000	26156394493.93	\N
274	4	2025-05-06 03:30:00+03:30	3.91966143	3.91966143	3.91966143	3.91966143	140939649.49048525	5966881609.06	\N
275	4	2025-05-07 03:30:00+03:30	3.96502076	3.96502076	3.96502076	3.96502076	148427082.76016256	6036145257.74	\N
276	4	2025-05-08 03:30:00+03:30	3.96817112	3.96817112	3.96817112	3.96817112	121799490.10994104	6041104468.08	\N
277	4	2025-05-09 03:30:00+03:30	4.44002037	4.44002037	4.44002037	4.44002037	320384469.00398666	6760154567.51	\N
278	4	2025-05-10 03:30:00+03:30	4.78630128	4.78630128	4.78630128	4.78630128	422202175.83293440	7286315604.44	\N
279	4	2025-05-11 03:30:00+03:30	5.29389811	5.29389811	5.29389811	5.29389811	470412280.28050440	8061476348.02	\N
280	4	2025-05-12 03:30:00+03:30	5.09333659	5.09333659	5.09333659	5.09333659	352192938.46676475	7755912301.15	\N
281	4	2025-05-13 03:30:00+03:30	5.07410807	5.07410807	5.07410807	5.07410807	394875187.52439030	7728009182.65	\N
282	4	2025-05-14 03:30:00+03:30	5.20202519	5.20202519	5.20202519	5.20202519	304651489.19246860	7918833620.12	\N
283	4	2025-05-15 03:30:00+03:30	4.98132489	4.98132489	4.98132489	4.98132489	262074518.26466218	7579251198.70	\N
284	4	2025-05-16 03:30:00+03:30	4.76109942	4.76109942	4.76109942	4.76109942	316048564.36732250	7248646238.66	\N
285	4	2025-05-17 03:30:00+03:30	4.76700446	4.76700446	4.76700446	4.76700446	210005955.67408782	7257922930.13	\N
286	4	2025-05-18 03:30:00+03:30	4.61089844	4.61089844	4.61089844	4.61089844	182514996.32215083	7019724349.26	\N
287	4	2025-05-19 03:30:00+03:30	4.73661408	4.73661408	4.73661408	4.73661408	211618791.03901103	7201657514.80	\N
288	4	2025-05-20 03:30:00+03:30	4.58823797	4.58823797	4.58823797	4.58823797	248742095.06391242	6983137868.79	\N
289	4	2025-05-21 03:30:00+03:30	4.67234764	4.67234764	4.67234764	4.67234764	198025666.39158458	7112334852.46	\N
290	4	2025-05-22 03:30:00+03:30	4.76533121	4.76533121	4.76533121	4.76533121	284911843.32256943	7256344909.15	\N
291	4	2025-05-23 03:30:00+03:30	4.94763314	4.94763314	4.94763314	4.94763314	250980913.17441925	7528829908.53	\N
292	4	2025-05-24 03:30:00+03:30	4.55934964	4.55934964	4.55934964	4.55934964	394644545.37890660	6941044065.67	\N
293	4	2025-05-25 03:30:00+03:30	4.54246778	4.54246778	4.54246778	4.54246778	165407810.35207325	6915075168.11	\N
294	4	2025-05-26 03:30:00+03:30	4.51870606	4.51870606	4.51870606	4.51870606	187732733.90236202	6878684075.61	\N
295	4	2025-05-27 03:30:00+03:30	4.46070725	4.46070725	4.46070725	4.46070725	191420774.81406920	6790607744.93	\N
296	4	2025-05-28 03:30:00+03:30	4.53417097	4.53417097	4.53417097	4.53417097	195550811.71920273	6901743235.73	\N
297	4	2025-05-29 03:30:00+03:30	4.57321060	4.57321060	4.57321060	4.57321060	197535389.25895777	6961254281.02	\N
298	4	2025-05-30 03:30:00+03:30	4.36416992	4.36416992	4.36416992	4.36416992	221574192.48146120	6648598704.51	\N
299	4	2025-05-31 03:30:00+03:30	4.05351270	4.05351270	4.05351270	4.05351270	312800416.73040557	6169823421.46	\N
300	4	2025-06-01 03:30:00+03:30	4.08038588	4.08038588	4.08038588	4.08038588	202865334.58437740	6211130159.32	\N
301	4	2025-06-02 03:30:00+03:30	4.06942066	4.06942066	4.06942066	4.06942066	125071879.65083063	6195524788.84	\N
302	4	2025-06-03 03:30:00+03:30	4.15060013	4.15060013	4.15060013	4.15060013	157654866.99983564	6323038236.22	\N
303	4	2025-06-04 03:30:00+03:30	4.14140281	4.14140281	4.14140281	4.14140281	174018822.29508987	6305300293.39	\N
304	4	2025-06-05 03:30:00+03:30	4.01969120	4.01969120	4.01969120	4.01969120	179186631.14120576	6118992048.20	\N
305	4	2025-06-06 03:30:00+03:30	3.82829932	3.82829932	3.82829932	3.82829932	236778389.73157325	5827182434.84	\N
306	4	2025-06-07 03:30:00+03:30	3.89311794	3.89311794	3.89311794	3.89311794	161602302.68279672	5926363663.87	\N
307	4	2025-06-08 03:30:00+03:30	4.02746164	4.02746164	4.02746164	4.02746164	108120364.35143860	6130859281.36	\N
308	4	2025-06-09 03:30:00+03:30	4.02404699	4.02404699	4.02404699	4.02404699	122159266.55300810	6125470184.68	\N
309	4	2025-06-10 03:30:00+03:30	4.15646293	4.15646293	4.15646293	4.15646293	205393985.51749453	6323810866.16	\N
310	4	2025-06-11 03:30:00+03:30	4.28317554	4.28317554	4.28317554	4.28317554	328624315.57166320	6519535439.66	\N
311	4	2025-06-12 03:30:00+03:30	4.19199787	4.19199787	4.19199787	4.19199787	300552105.09818920	6378643630.54	\N
312	4	2025-06-13 03:30:00+03:30	3.92924492	3.92924492	3.92924492	3.92924492	267762440.90142012	5981740956.52	\N
313	4	2025-06-14 03:30:00+03:30	3.83665809	3.83665809	3.83665809	3.83665809	347839182.79344530	5840837137.82	\N
314	4	2025-06-15 03:30:00+03:30	3.78586230	3.78586230	3.78586230	3.78586230	128678427.53971043	5768390602.15	\N
315	4	2025-06-16 03:30:00+03:30	3.82226438	3.82226438	3.82226438	3.82226438	95184223.91459964	5820930318.09	\N
316	4	2025-06-17 03:30:00+03:30	3.86676611	3.86676611	3.86676611	3.86676611	167108130.80274197	5903161061.75	\N
317	4	2025-06-18 03:30:00+03:30	3.72963358	3.72963358	3.72963358	3.72963358	193751998.11860330	5678668304.23	\N
318	4	2025-06-19 03:30:00+03:30	3.61746331	3.61746331	3.61746331	3.61746331	206317674.10724150	5499803919.63	\N
319	4	2025-06-20 03:30:00+03:30	3.54820781	3.54820781	3.54820781	3.54820781	200788762.98945537	5401637069.26	\N
320	4	2025-06-21 03:30:00+03:30	3.43817556	3.43817556	3.43817556	3.43817556	241749468.84941074	5230418570.59	\N
321	4	2025-06-22 03:30:00+03:30	3.29653791	3.29653791	3.29653791	3.29653791	180073975.71215412	5002259922.82	\N
322	4	2025-06-23 03:30:00+03:30	3.15569043	3.15569043	3.15569043	3.15569043	314230714.13082730	4804062451.55	\N
323	4	2025-06-24 03:30:00+03:30	3.41651817	3.41651817	3.41651817	3.41651817	281143042.45081156	5200954923.10	\N
324	4	2025-06-25 03:30:00+03:30	3.43354144	3.43354144	3.43354144	3.43354144	172281779.06409293	5225610664.41	\N
325	4	2025-06-26 03:30:00+03:30	3.35461811	3.35461811	3.35461811	3.35461811	141061137.39422655	5107998149.18	\N
326	4	2025-06-27 03:30:00+03:30	3.29870782	3.29870782	3.29870782	3.29870782	154840843.45309886	5021514247.66	\N
327	4	2025-06-28 03:30:00+03:30	3.35873066	3.35873066	3.35873066	3.35873066	154820431.36246420	5112263044.23	\N
328	4	2025-06-29 03:30:00+03:30	3.40350177	3.40350177	3.40350177	3.40350177	88517586.78325476	5180897725.10	\N
329	4	2025-06-30 03:30:00+03:30	3.54907869	3.54907869	3.54907869	3.54907869	121445509.60210347	5405634622.46	\N
330	4	2025-07-01 03:30:00+03:30	3.40177730	3.40177730	3.40177730	3.40177730	168328146.62375665	5178960581.93	\N
331	4	2025-07-02 03:30:00+03:30	3.28215616	3.28215616	3.28215616	3.28215616	151216658.09273410	4995181920.83	\N
332	4	2025-07-03 03:30:00+03:30	3.54729645	3.54729645	3.54729645	3.54729645	273402219.57907856	5401420274.17	\N
333	4	2025-07-04 03:30:00+03:30	3.53710194	3.53710194	3.53710194	3.53710194	251057840.18585655	5383206418.63	\N
334	4	2025-07-05 03:30:00+03:30	3.35772298	3.35772298	3.35772298	3.35772298	225619728.15665424	5110419579.96	\N
335	4	2025-07-06 03:30:00+03:30	3.35325414	3.35325414	3.35325414	3.35325414	100555202.24536896	5104479139.78	\N
336	4	2025-07-07 03:30:00+03:30	3.39408890	3.39408890	3.39408890	3.39408890	151204514.75895998	5166513862.34	\N
337	4	2025-07-08 03:30:00+03:30	3.36886207	3.36886207	3.36886207	3.36886207	134530783.16799430	5127912875.03	\N
338	4	2025-07-09 03:30:00+03:30	3.44954749	3.44954749	3.44954749	3.44954749	157793660.88751388	5251638460.60	\N
339	4	2025-07-10 03:30:00+03:30	3.61810038	3.61810038	3.61810038	3.61810038	236937060.12055525	5510644272.18	\N
340	4	2025-07-11 03:30:00+03:30	3.87423519	3.87423519	3.87423519	3.87423519	368000515.61897457	5887312883.97	\N
341	4	2025-07-12 03:30:00+03:30	3.91360871	3.91360871	3.91360871	3.91360871	570104264.55377940	5955463717.97	\N
342	4	2025-07-13 03:30:00+03:30	3.89406289	3.89406289	3.89406289	3.89406289	322854184.65712607	5925584152.02	\N
343	4	2025-07-14 03:30:00+03:30	3.98393054	3.98393054	3.98393054	3.98393054	253911011.15950906	6064326480.05	\N
344	4	2025-07-15 03:30:00+03:30	3.94565516	3.94565516	3.94565516	3.94565516	416748556.62183570	6007262540.34	\N
345	4	2025-07-16 03:30:00+03:30	4.07674497	4.07674497	4.07674497	4.07674497	386886897.90771910	6216375491.39	\N
346	4	2025-07-17 03:30:00+03:30	4.15678785	4.15678785	4.15678785	4.15678785	458087207.65225613	6332748576.00	\N
347	4	2025-07-18 03:30:00+03:30	4.28036492	4.28036492	4.28036492	4.28036492	534942983.13786197	6525406435.45	\N
348	4	2025-07-19 03:30:00+03:30	4.22737447	4.22737447	4.22737447	4.22737447	795890470.88865720	6433452777.10	\N
349	4	2025-07-20 03:30:00+03:30	4.40843553	4.40843553	4.40843553	4.40843553	320071895.43031603	6706612178.98	\N
350	4	2025-07-21 03:30:00+03:30	4.48787467	4.48787467	4.48787467	4.48787467	488274868.13620800	6828568169.26	\N
351	4	2025-07-22 03:30:00+03:30	4.50381153	4.50381153	4.50381153	4.50381153	588458461.37263250	6859163192.10	\N
352	4	2025-07-23 03:30:00+03:30	4.54192936	4.54192936	4.54192936	4.54192936	658706605.98791200	6908379678.87	\N
353	4	2025-07-24 03:30:00+03:30	4.11420634	4.11420634	4.11420634	4.11420634	634277338.35710200	6263857364.90	\N
354	4	2025-07-25 03:30:00+03:30	4.00029637	4.00029637	4.00029637	4.00029637	602269822.06137780	6084908843.46	\N
355	4	2025-07-26 03:30:00+03:30	4.08733089	4.08733089	4.08733089	4.08733089	421381940.15073746	6220290037.86	\N
356	4	2025-07-27 03:30:00+03:30	4.12679385	4.12679385	4.12679385	4.12679385	203569576.20186287	6283546825.94	\N
357	4	2025-07-28 03:30:00+03:30	4.23746661	4.23746661	4.23746661	4.23746661	206319623.55008063	6449953021.12	\N
358	4	2025-07-29 03:30:00+03:30	3.94803684	3.94803684	3.94803684	3.94803684	359164885.43180710	6012043908.89	\N
359	4	2025-07-30 03:30:00+03:30	3.89711233	3.89711233	3.89711233	3.89711233	315936378.63766390	5926464176.56	\N
360	4	2025-07-31 03:30:00+03:30	3.80830883	3.80830883	3.80830883	3.80830883	341376947.30137557	5797192673.30	\N
361	4	2025-08-01 03:30:00+03:30	3.68244228	3.68244228	3.68244228	3.68244228	268323560.51889380	5607146788.00	\N
362	4	2025-08-02 03:30:00+03:30	3.55207355	3.55207355	3.55207355	3.55207355	416592758.60996640	5407048146.03	\N
363	4	2025-08-03 03:30:00+03:30	3.50972638	3.50972638	3.50972638	3.50972638	267317888.23361272	5346501274.89	\N
364	4	2025-08-03 11:40:18+03:30	3.57610936	3.57610936	3.57610936	3.57610936	232639698.44780597	5444055964.16	\N
\.


--
-- TOC entry 4952 (class 0 OID 16952)
-- Dependencies: 223
-- Data for Name: users; Type: TABLE DATA; Schema: public; Owner: -
--

COPY public.users (id, email, password_hash, first_name, last_name, is_active, is_verified, is_superuser, created_at, updated_at, last_login, preferences) FROM stdin;
1	testuser2@example.com	$2b$12$Fl1W1olVqIwdPfncrICKXuY3y9nJpiZcapWA1lKgKleyA6foWPBbO	Test	User	t	f	f	2025-07-30 18:27:44.884568+03:30	\N	\N	\N
\.


--
-- TOC entry 4963 (class 0 OID 0)
-- Dependencies: 218
-- Name: cryptocurrencies_id_seq; Type: SEQUENCE SET; Schema: public; Owner: -
--

SELECT pg_catalog.setval('public.cryptocurrencies_id_seq', 5, true);


--
-- TOC entry 4964 (class 0 OID 0)
-- Dependencies: 220
-- Name: predictions_id_seq; Type: SEQUENCE SET; Schema: public; Owner: -
--

SELECT pg_catalog.setval('public.predictions_id_seq', 2, true);


--
-- TOC entry 4965 (class 0 OID 0)
-- Dependencies: 222
-- Name: price_data_id_seq; Type: SEQUENCE SET; Schema: public; Owner: -
--

SELECT pg_catalog.setval('public.price_data_id_seq', 364, true);


--
-- TOC entry 4966 (class 0 OID 0)
-- Dependencies: 224
-- Name: users_id_seq; Type: SEQUENCE SET; Schema: public; Owner: -
--

SELECT pg_catalog.setval('public.users_id_seq', 1, true);


--
-- TOC entry 4767 (class 2606 OID 16964)
-- Name: cryptocurrencies cryptocurrencies_pkey; Type: CONSTRAINT; Schema: public; Owner: -
--

ALTER TABLE ONLY public.cryptocurrencies
    ADD CONSTRAINT cryptocurrencies_pkey PRIMARY KEY (id);


--
-- TOC entry 4787 (class 2606 OID 16966)
-- Name: predictions predictions_pkey; Type: CONSTRAINT; Schema: public; Owner: -
--

ALTER TABLE ONLY public.predictions
    ADD CONSTRAINT predictions_pkey PRIMARY KEY (id);


--
-- TOC entry 4793 (class 2606 OID 16968)
-- Name: price_data price_data_pkey; Type: CONSTRAINT; Schema: public; Owner: -
--

ALTER TABLE ONLY public.price_data
    ADD CONSTRAINT price_data_pkey PRIMARY KEY (id);


--
-- TOC entry 4797 (class 2606 OID 16970)
-- Name: users users_pkey; Type: CONSTRAINT; Schema: public; Owner: -
--

ALTER TABLE ONLY public.users
    ADD CONSTRAINT users_pkey PRIMARY KEY (id);


--
-- TOC entry 4768 (class 1259 OID 16971)
-- Name: idx_crypto_rank; Type: INDEX; Schema: public; Owner: -
--

CREATE INDEX idx_crypto_rank ON public.cryptocurrencies USING btree (market_cap_rank);


--
-- TOC entry 4769 (class 1259 OID 16972)
-- Name: idx_crypto_symbol_active; Type: INDEX; Schema: public; Owner: -
--

CREATE INDEX idx_crypto_symbol_active ON public.cryptocurrencies USING btree (symbol, is_active);


--
-- TOC entry 4770 (class 1259 OID 16973)
-- Name: idx_crypto_updated; Type: INDEX; Schema: public; Owner: -
--

CREATE INDEX idx_crypto_updated ON public.cryptocurrencies USING btree (updated_at);


--
-- TOC entry 4774 (class 1259 OID 16974)
-- Name: idx_prediction_crypto_target; Type: INDEX; Schema: public; Owner: -
--

CREATE INDEX idx_prediction_crypto_target ON public.predictions USING btree (crypto_id, target_datetime);


--
-- TOC entry 4775 (class 1259 OID 16975)
-- Name: idx_prediction_horizon; Type: INDEX; Schema: public; Owner: -
--

CREATE INDEX idx_prediction_horizon ON public.predictions USING btree (prediction_horizon, created_at);


--
-- TOC entry 4776 (class 1259 OID 16976)
-- Name: idx_prediction_model_created; Type: INDEX; Schema: public; Owner: -
--

CREATE INDEX idx_prediction_model_created ON public.predictions USING btree (model_name, created_at);


--
-- TOC entry 4777 (class 1259 OID 16977)
-- Name: idx_prediction_model_performance; Type: INDEX; Schema: public; Owner: -
--

CREATE INDEX idx_prediction_model_performance ON public.predictions USING btree (model_name, model_version, confidence_score);


--
-- TOC entry 4778 (class 1259 OID 16978)
-- Name: idx_prediction_realized; Type: INDEX; Schema: public; Owner: -
--

CREATE INDEX idx_prediction_realized ON public.predictions USING btree (is_realized, accuracy_percentage);


--
-- TOC entry 4779 (class 1259 OID 16979)
-- Name: idx_prediction_user_created; Type: INDEX; Schema: public; Owner: -
--

CREATE INDEX idx_prediction_user_created ON public.predictions USING btree (user_id, created_at);


--
-- TOC entry 4788 (class 1259 OID 16980)
-- Name: idx_price_crypto_timestamp; Type: INDEX; Schema: public; Owner: -
--

CREATE INDEX idx_price_crypto_timestamp ON public.price_data USING btree (crypto_id, "timestamp");


--
-- TOC entry 4771 (class 1259 OID 16981)
-- Name: ix_cryptocurrencies_coingecko_id; Type: INDEX; Schema: public; Owner: -
--

CREATE UNIQUE INDEX ix_cryptocurrencies_coingecko_id ON public.cryptocurrencies USING btree (coingecko_id);


--
-- TOC entry 4772 (class 1259 OID 16982)
-- Name: ix_cryptocurrencies_id; Type: INDEX; Schema: public; Owner: -
--

CREATE INDEX ix_cryptocurrencies_id ON public.cryptocurrencies USING btree (id);


--
-- TOC entry 4773 (class 1259 OID 16983)
-- Name: ix_cryptocurrencies_symbol; Type: INDEX; Schema: public; Owner: -
--

CREATE UNIQUE INDEX ix_cryptocurrencies_symbol ON public.cryptocurrencies USING btree (symbol);


--
-- TOC entry 4780 (class 1259 OID 16984)
-- Name: ix_predictions_created_at; Type: INDEX; Schema: public; Owner: -
--

CREATE INDEX ix_predictions_created_at ON public.predictions USING btree (created_at);


--
-- TOC entry 4781 (class 1259 OID 16985)
-- Name: ix_predictions_crypto_id; Type: INDEX; Schema: public; Owner: -
--

CREATE INDEX ix_predictions_crypto_id ON public.predictions USING btree (crypto_id);


--
-- TOC entry 4782 (class 1259 OID 16986)
-- Name: ix_predictions_id; Type: INDEX; Schema: public; Owner: -
--

CREATE INDEX ix_predictions_id ON public.predictions USING btree (id);


--
-- TOC entry 4783 (class 1259 OID 16987)
-- Name: ix_predictions_model_name; Type: INDEX; Schema: public; Owner: -
--

CREATE INDEX ix_predictions_model_name ON public.predictions USING btree (model_name);


--
-- TOC entry 4784 (class 1259 OID 16988)
-- Name: ix_predictions_target_datetime; Type: INDEX; Schema: public; Owner: -
--

CREATE INDEX ix_predictions_target_datetime ON public.predictions USING btree (target_datetime);


--
-- TOC entry 4785 (class 1259 OID 16989)
-- Name: ix_predictions_user_id; Type: INDEX; Schema: public; Owner: -
--

CREATE INDEX ix_predictions_user_id ON public.predictions USING btree (user_id);


--
-- TOC entry 4789 (class 1259 OID 16990)
-- Name: ix_price_data_crypto_id; Type: INDEX; Schema: public; Owner: -
--

CREATE INDEX ix_price_data_crypto_id ON public.price_data USING btree (crypto_id);


--
-- TOC entry 4790 (class 1259 OID 16991)
-- Name: ix_price_data_id; Type: INDEX; Schema: public; Owner: -
--

CREATE INDEX ix_price_data_id ON public.price_data USING btree (id);


--
-- TOC entry 4791 (class 1259 OID 16992)
-- Name: ix_price_data_timestamp; Type: INDEX; Schema: public; Owner: -
--

CREATE INDEX ix_price_data_timestamp ON public.price_data USING btree ("timestamp");


--
-- TOC entry 4794 (class 1259 OID 16993)
-- Name: ix_users_email; Type: INDEX; Schema: public; Owner: -
--

CREATE UNIQUE INDEX ix_users_email ON public.users USING btree (email);


--
-- TOC entry 4795 (class 1259 OID 16994)
-- Name: ix_users_id; Type: INDEX; Schema: public; Owner: -
--

CREATE INDEX ix_users_id ON public.users USING btree (id);


--
-- TOC entry 4798 (class 2606 OID 16995)
-- Name: predictions predictions_crypto_id_fkey; Type: FK CONSTRAINT; Schema: public; Owner: -
--

ALTER TABLE ONLY public.predictions
    ADD CONSTRAINT predictions_crypto_id_fkey FOREIGN KEY (crypto_id) REFERENCES public.cryptocurrencies(id);


--
-- TOC entry 4799 (class 2606 OID 17000)
-- Name: predictions predictions_user_id_fkey; Type: FK CONSTRAINT; Schema: public; Owner: -
--

ALTER TABLE ONLY public.predictions
    ADD CONSTRAINT predictions_user_id_fkey FOREIGN KEY (user_id) REFERENCES public.users(id);


--
-- TOC entry 4800 (class 2606 OID 17005)
-- Name: price_data price_data_crypto_id_fkey; Type: FK CONSTRAINT; Schema: public; Owner: -
--

ALTER TABLE ONLY public.price_data
    ADD CONSTRAINT price_data_crypto_id_fkey FOREIGN KEY (crypto_id) REFERENCES public.cryptocurrencies(id);


-- Completed on 2025-08-04 16:00:07

--
-- PostgreSQL database dump complete
--

